{
    "Водород":{
        "Кислород":7.937,
        "Озон":7.937,
        "АК":12.5038,
        "АК-27":12.5575,
        "АТ":11.4112,
        "Перекись водорода":16.874,
        "Воздух":34.2954
    },
    "НДМГ":{
        "Кислород":2.12975,
        "Озон":2.12975,
        "АК":3.35517,
        "АК-27":3.36958,
        "АТ":3.062,
        "Перекись водорода":4.52784,
        "Воздух":9.20257
    },
    "Метан":{
        "Кислород":3.98923,
        "Озон":3.98923,
        "АК":6.28455,
        "АК-27":6.31155,
        "АТ":5.73542,
        "Перекись водорода":8.48107,
        "Воздух":17.2373
    },
    "Аммиак":{
        "Кислород":1.40919,
        "Озон":1.40919,
        "АК":2.22001,
        "АК-27":2.22955,
        "АТ":2.02603,
        "Перекись водорода":2.99593,
        "Воздух":6.08905
    },
    "Керосин РГ-1":{
        "Кислород":3.40335,
        "Озон":3.40335,
        "АК":5.36157,
        "АК-27":5.38461,
        "АТ":4.89309,
        "Перекись водорода":7.2355,
        "Воздух":14.7057
    },
    "Керосин Т-1":{
        "Кислород":3.37047,
        "Озон":3.37047,
        "АК":5.30976,
        "АК-27":5.33257,
        "АТ":4.84581,
        "Перекись водорода":7.16558,
        "Воздух":14.5636
    },
    "Керосин RP-1":{
        "Кислород":3.40519,
        "Озон":3.40519,
        "АК":5.36447,
        "АК-27":5.38752,
        "АТ":4.89573,
        "Перекись водорода":7.23941,
        "Воздух":14.7137
    },
    "Синтин":{
        "Кислород":3.28828,
        "Озон":3.28828,
        "АК":5.18028,
        "АК-27":5.20254,
        "АТ":4.72764,
        "Перекись водорода":6.99085,
        "Воздух":14.2085
    },
    "Боктан":{
        "Кислород":3.3393,
        "Озон":3.3393,
        "АК":5.26066,
        "АК-27":5.28327,
        "АТ":4.801,
        "Перекись водорода":7.09933,
        "Воздух":14.429
    },
    "Этанол":{
        "Кислород":2.08376,
        "Озон":2.08376,
        "АК":3.28271,
        "АК-27":3.29682,
        "АТ":2.99588,
        "Перекись водорода":4.43006,
        "Воздух":9.00384
    },
    "ММГ":{
        "Кислород":1.73635,
        "Озон":1.73635,
        "АК":2.73542,
        "АК-27":2.74717,
        "АТ":2.4964,
        "Перекись водорода":3.69148,
        "Воздух":7.50271
    },
    "Гидразин":{
        "Кислород":0.998558,
        "Озон":0.998558,
        "АК":1.57311,
        "АК-27":1.57987,
        "АТ":1.43565,
        "Перекись водорода":2.12293,
        "Воздух":4.31472
    },
    "Анилин":{
        "Кислород":2.6629,
        "Озон":2.6629,
        "АК":4.19508,
        "АК-27":4.2131,
        "АТ":3.82852,
        "Перекись водорода":5.66131,
        "Воздух":11.5063
    },
    "Триэтиламин":{
        "Кислород":3.08316,
        "Озон":3.08316,
        "АК":4.85714,
        "АК-27":4.87801,
        "АТ":4.43273,
        "Перекись водорода":6.55477,
        "Воздух":13.3222
    },
    "Ксилидин":{
        "Кислород":2.83861,
        "Озон":2.83861,
        "АК":4.47188,
        "АК-27":4.4911,
        "АТ":4.08114,
        "Перекись водорода":6.03486,
        "Воздух":12.2655
    }
}